<?xml version="1.0" encoding="UTF-8" standalone="yes"?>
<addon id="plugin.video.youtubetemplateskymashi"
	name="Name your Add-on"
	version="1.0"
	provider-name="Your Name">
  <requires>
    <import addon="xbmc.python" version="2.1.0"/>
    <import addon="script.module.addon.common" version="2.0.0"/>
    <import addon="plugin.video.youtube" version="5.0.0"/>
  </requires>
  <extension point="xbmc.python.pluginsource" library="default.py">
    <provides>video</provides>
  </extension>
  <extension point="xbmc.addon.metadata">
    <summary lang="en">Provide a short summary</summary>
    <description lang="en">Provide a longer description of your add-on so it is visible when viewing the add-on in the repository, installed on kodi and also provide here additional info you might want to add</description>
    <platform>all</platform>
    <forum>n/a</forum>
    <website>http://skymashi.eu</website>
  </extension>
</addon>
